{
  "id": "",
  "name": "",
  "font_family": "iconfont",
  "css_prefix_text": "icon-",
  "description": "",
  "glyphs": [
    {
      "icon_id": "10181",
      "name": "品",
      "font_class": "pin",
      "unicode": "f000b",
      "unicode_decimal": 983051
    },
    {
      "icon_id": "338289",
      "name": "距离",
      "font_class": "juli",
      "unicode": "e623",
      "unicode_decimal": 58915
    },
    {
      "icon_id": "790549",
      "name": "我的",
      "font_class": "wode",
      "unicode": "e645",
      "unicode_decimal": 58949
    },
    {
      "icon_id": "856958",
      "name": "手机",
      "font_class": "phone",
      "unicode": "e60f",
      "unicode_decimal": 58895
    },
    {
      "icon_id": "1005795",
      "name": "饿了么",
      "font_class": "changyonglogo40",
      "unicode": "e722",
      "unicode_decimal": 59170
    },
    {
      "icon_id": "1092161",
      "name": "钱",
      "font_class": "qian",
      "unicode": "e640",
      "unicode_decimal": 58944
    },
    {
      "icon_id": "1117761",
      "name": "一起玩商家",
      "font_class": "iconfontshangjia",
      "unicode": "e642",
      "unicode_decimal": 58946
    },
    {
      "icon_id": "1287694",
      "name": "钱包",
      "font_class": "qianbao",
      "unicode": "e606",
      "unicode_decimal": 58886
    },
    {
      "icon_id": "1287717",
      "name": "指南针",
      "font_class": "zhinanzhen",
      "unicode": "e60c",
      "unicode_decimal": 58892
    },
    {
      "icon_id": "1301372",
      "name": "时间",
      "font_class": "shijian",
      "unicode": "e65f",
      "unicode_decimal": 58975
    },
    {
      "icon_id": "1517783",
      "name": "加",
      "font_class": "jia",
      "unicode": "e659",
      "unicode_decimal": 58969
    },
    {
      "icon_id": "2746602",
      "name": "火苗",
      "font_class": "huomiao",
      "unicode": "e689",
      "unicode_decimal": 59017
    },
    {
      "icon_id": "3095097",
      "name": "评分",
      "font_class": "pingfen",
      "unicode": "e641",
      "unicode_decimal": 58945
    },
    {
      "icon_id": "3670129",
      "name": "商家",
      "font_class": "tubiaolunkuo-",
      "unicode": "e616",
      "unicode_decimal": 58902
    },
    {
      "icon_id": "3764285",
      "name": "订单 ",
      "font_class": "weibiaoti-",
      "unicode": "e612",
      "unicode_decimal": 58898
    },
    {
      "icon_id": "4770728",
      "name": "放大镜",
      "font_class": "fangdajing",
      "unicode": "e637",
      "unicode_decimal": 58935
    },
    {
      "icon_id": "5025782",
      "name": "水果",
      "font_class": "shuiguo",
      "unicode": "e63c",
      "unicode_decimal": 58940
    },
    {
      "icon_id": "5089134",
      "name": "甜品",
      "font_class": "tianpin",
      "unicode": "e70b",
      "unicode_decimal": 59147
    },
    {
      "icon_id": "5203306",
      "name": "下载",
      "font_class": "xiazai",
      "unicode": "e638",
      "unicode_decimal": 58936
    },
    {
      "icon_id": "5220898",
      "name": "蛋糕",
      "font_class": "tubiao-",
      "unicode": "e609",
      "unicode_decimal": 58889
    },
    {
      "icon_id": "5222599",
      "name": "小吃",
      "font_class": "icon-test",
      "unicode": "e613",
      "unicode_decimal": 58899
    },
    {
      "icon_id": "5225317",
      "name": "厨师帽",
      "font_class": "chushimao",
      "unicode": "e61c",
      "unicode_decimal": 58908
    },
    {
      "icon_id": "6420734",
      "name": "快餐",
      "font_class": "kuaican",
      "unicode": "e696",
      "unicode_decimal": 59030
    },
    {
      "icon_id": "8500845",
      "name": "订单",
      "font_class": "dingdan_huabanfuben",
      "unicode": "e61d",
      "unicode_decimal": 58909
    },
    {
      "icon_id": "9509951",
      "name": "排序",
      "font_class": "paixu",
      "unicode": "e60e",
      "unicode_decimal": 58894
    },
    {
      "icon_id": "9512529",
      "name": "叉",
      "font_class": "cross-fill",
      "unicode": "e619",
      "unicode_decimal": 58905
    },
    {
      "icon_id": "10707252",
      "name": "箭头 右 right",
      "font_class": "jiantouyou",
      "unicode": "e61b",
      "unicode_decimal": 58907
    },
    {
      "icon_id": "10707278",
      "name": "箭头 左 left",
      "font_class": "jiantouzuo",
      "unicode": "e61e",
      "unicode_decimal": 58910
    },
    {
      "icon_id": "14666252",
      "name": "服 务",
      "font_class": "fuwu",
      "unicode": "e605",
      "unicode_decimal": 58885
    },
    {
      "icon_id": "15282797",
      "name": "鸟",
      "font_class": "niao",
      "unicode": "e6dd",
      "unicode_decimal": 59101
    },
    {
      "icon_id": "15779677",
      "name": "皇冠",
      "font_class": "huangguan",
      "unicode": "e701",
      "unicode_decimal": 59137
    },
    {
      "icon_id": "18009533",
      "name": "指南针",
      "font_class": "compass",
      "unicode": "e627",
      "unicode_decimal": 58919
    },
    {
      "icon_id": "18522213",
      "name": "饿了么",
      "font_class": "elemo",
      "unicode": "e61f",
      "unicode_decimal": 58911
    }
  ]
}
